Aaron Cresswell,West Ham United,LB,33,England,"2,5"
Aaron Hickey,,,,,
Aaron Long,,,,,
Aarón Martín,,,,,
Aaron Mooy,,,,,
Aaron Ramsdale,,,,,
Aaron Ramsey,,,,,
Abakar Sylla,,,,,
Abdallah Sima,,,,,
Abdelhamid Sabiri,,,,,
Abdelkarim Hassan,,,,,
Abdón Prats,,,,,
Abdou Diallo,,,,,
Abdou Harroui,,,,,
Abdoulaye Bamba,,,,,
Abdoulaye Doucouré,,,,,
Abdu Conté,,,,,
Abdul Mumin,,,,,
Abdul-Rahman Baba,,,,,
Abdul-Rahman Baba,,,,,
Abdulaziz Hatem,,,,,
Abdulelah Al-Amri,,,,,
Achraf Dari,,,,,
Achraf Hakimi,,,,,
Adam Armstrong,,,,,
Adam Buksa,,,,,
Adam Hlozek,,,,,
Adam Lallana,,,,,
Adam Marusic,,,,,
Adam Ounas,,,,,
Adam Smith,,,,,
Adam Webster,,,,,
Adama Soumaoro,,,,,
Adama Traoré,,,,,
Ademola Lookman,,,,,
Adil Aouchiche,,,,,
Adil Rami,,,,,
Adnan Januzaj,,,,,
Ado Onaiwu,,,,,
Adrián Embarba,,,,,
Adrian Grbic,,,,,
Adrien Hunou,,,,,
Adrien Rabiot,,,,,
Adrien Tamèze,,,,,
Adrien Thomasson,,,,,
Adrien Truffert,,,,,
Agustín Álvarez,,,,,
Agustín Marchesín,,,,,
Agustín Rogel,,,,,
Ahmad Nourollahi,,,,,
Ahmed Alaaeldin,,,,,
Aihen Muñoz,,,,,
Aimar Oroz,,,,,
Ainsley Maitland-Niles,,,,,
Aïssa Mandi,,,,,
Aitor Fernández,,,,,
Aitor Paredes,,,,,
Aitor Ruibal,,,,,
Ajdin Hrustic,,,,,
Akim Zedadka,,,,,
Akram Afif,,,,,
Alan Franco,,,,,
Alassane Plea,,,,,
Alban Lafont,,,,,
Alberto Grassi,,,,,
Alberto Moreno,,,,,
Albin Ekdal,,,,,
Aleix García,,,,,
Aleix Vidal,,,,,
Alejandro Balde,,,,,
Alejandro Catena,,,,,
Alejandro Grimaldo,,,,,
Alejandro Pozo,,,,,
Aleksa Terzić,,,,,
Aleksandar Mitrović,,,,,
Aleksandr Golovin,,,,,
Aleksey Miranchuk,,,,,
Alessandro Bastoni,,,,,
Alessandro Buongiorno,,,,,
Alessandro Zanoli,,,,,
Alessio Romagnoli,,,,,
Alessio Zerbin,,,,,
Álex Baena,,,,,
Álex Berenguer,,,,,
Álex Collado,,,,,
Álex Fernández,,,,,
Alex Ferrari,,,,,
Alex Iwobi,,,,,
Alex Kral,,,,,
Alex Meret,,,,,
Álex Moreno,,,,,
Alex Oxlade-Chamberlain,,,,,
Álex Remiro,,,,,
Alex Sandro,,,,,
Álex Sola,,,,,
Alex Telles,,,,,
Alexander Bah,,,,,
Alexander Djiku,,,,,
Alexander Domínguez,,,,,
Alexander Hack,,,,,
Alexander Nübel,,,,,
Alexander Schwolow,,,,,
Alexander Sörloth,,,,,
Alexandre Lacazette,,,,,
Alexis Beka Beka,,,,,
Alexis Blin,,,,,
Alexis Claude-Maurice,,,,,
Alexis Flips,,,,,
Alexis Mac Allister,,,,,
Alexis Sánchez,,,,,
Alexis Vega,,,,,
Alexsandro,,,,,
Alfonso Espino,,,,,
Alfonso Pedraza,,,,,
Alfred Duncan,,,,,
Alfred Gomis,,,,,
Ali Abdi,,,,,
Ali Al-Hassan,,,,,
Ali Asad,,,,,
Ali Gholizadeh,,,,,
Alidu Seidu,,,,,
Alireza Jahanbakhsh,,,,,
Alisson,,,,,
Alistair Johnston,,,,,
Allan Saint-Maximin,,,,,
Almoez Ali,,,,,
Alphonse Areola,,,,,
Alphonso Davies,,,,,
Álvaro Aguado,,,,,
Álvaro Fernández,,,,,
Álvaro García,,,,,
Álvaro Morata,,,,,
Álvaro Negredo,,,,,
Álvaro Zamora,,,,,
Amadou Haidara,,,,,
Amadou Onana,,,,,
Amath Ndiaye,,,,,
Amine Adli,,,,,
Amine Gouiri,,,,,
Amine Harit,,,,,
Amine Salama,,,,,
Amir Abedzadeh,,,,,
Amos Pieper,,,,,
Ander Barrenetxea,,,,,
Ander Guevara,,,,,
Ander Herrera,,,,,
András Schäfer,,,,,
André Almeida,,,,,
André Gomes,,,,,
André Hahn,,,,,
André Onana,,,,,
André Silva,,,,,
André Zambo Anguissa,,,,,
Andrea Barberis,,,,,
Andrea Belotti,,,,,
Andrea Cambiaso,,,,,
Andrea Carboni,,,,,
Andrea Colpani,,,,,
Andrea Consigli,,,,,
Andrea Conti,,,,,
Andrea Petagna,,,,,
Andrea Pinamonti,,,,,
Andreas Bruus,,,,,
Andreas Christensen,,,,,
Andreas Pereira,,,,,
Andreas Skov Olsen,,,,,
Andrei Girotto,,,,,
Andrej Kramaric,,,,,
Andrés Guardado,,,,,
Andrew Robertson,,,,,
Andrija Zivkovic,,,,,
Andriy Chevtchenko,,,,,
Andriy Lunin,,,,,
Andy Delort,,,,,
Ángel Algobia,,,,,
Ángel Correa,,,,,
Ángel Di María,,,,,
Angel Gomes,,,,,
Ángel Rodríguez,,,,,
Angeliño,,,,,
Angelo Fulgini,,,,,
Angelo Preciado,,,,,
Angelo Stiller,,,,,
Anis Slimane,,,,,
Ansu Fati,,,,,
Ante Budimir,,,,,
Ante Palaversa,,,,,
Ante Rebic,,,,,
Anthony Caci,,,,,
Anthony Contreras,,,,,
Anthony Elanga,,,,,
Anthony Gordon,,,,,
Anthony Jung,,,,,
Anthony Lopes,,,,,
Anthony Losilla,,,,,
Anthony Martial,,,,,
Anthony Modeste,,,,,
Anthony Rouault,,,,,
Antoine Griezmann,,,,,
Anton Stach,,,,,
Antonino Gallo,,,,,
Antonio Candreva,,,,,
Antonio Nusa,,,,,
Antonio Raíllo,,,,,
Antonio Rüdiger,,,,,
Antonio Sanabria,,,,,
Antonio Sánchez,,,,,
António Silva,,,,,
Antonios Papadopoulos,,,,,
Antony,,,,,
Arbër Zeneli,,,,,
Ardian Ismajli,,,,,
Arial Mendy,,,,,
Aritz Elustondo,,,,,
Arkadiusz Milik,,,,,
Arkadiusz Reca,,,,,
Armando Broja,,,,,
Armando Izzo,,,,,
Armel Bella-Kotchap,,,,,
Arnau Martínez,,,,,
Arnau Puigmal,,,,,
Arnaud Kalimuendo,,,,,
Arnaud Nordin,,,,,
Arnaud Souquet,,,,,
Arnaut Danjuma,,,,,
Arne Maier,,,,,
Arthur Theate,,,,,
Ashley Young,,,,,
Asier Illarramendi,,,,,
Asier Villalibre,,,,,
Assan Ceesay,,,,,
Aster Vranckx,,,,,
Atakan Karazor,,,,,
Augusto Solari,,,,,
Aurélien Tchouameni,,,,,
Axel Disasi,,,,,
Axel Witsel,,,,,
Aymen Barkok,,,,,
Aymen Dahmen,,,,,
Aymeric Laporte,,,,,
Ayoze Pérez,,,,,
Azzedine Ounahi,,,,,
Bafodé Diakité,,,,,
Bamba Dieng,,,,,
Bartlomiej Dragowski,,,,,
Bartol Franjic,,,,,
Bartosz Bereszynski,,,,,
Bassam Al-Rawi,,,,,
Batista Mendy,,,,,
Ben Cabango,,,,,
Ben Chilwell,,,,,
Ben Davies,,,,,
Ben Johnson,,,,,
Ben Mee,,,,,
Ben White,,,,,
Beñat Turrientes,,,,,
Benjamin André,,,,,
Benjamin Bourigeaud,,,,,
Benjamin Henrichs,,,,,
Benjamin Lecomte,,,,,
Benjamin Leroy,,,,,
Benjamin Pavard,,,,,
Benno Schmitz,,,,,
Benoît Badiashile,,,,,
Benoît Costil,,,,,
Berat Djimsiti,,,,,
Bernardo Espinosa,,,,,
Bernardo Silva,,,,,
Bernd Leno,,,,,
Beto,,,,,
Billal Brahimi,,,,,
Billy Gilmour,,,,,
Bingourou Kamara,,,,,
Birama Touré,,,,,
Birger Meling,,,,,
Bjorn Meijer,,,,,
Bobby Reid,,,,,
Bonke Innocent,,,,,
Bono,,,,,
Borja Iglesias,,,,,
Borja Mayoral,,,,,
Borna Barisic,,,,,
Borna Sosa,,,,,
Boualem Khoukhi,,,,,
Boubacar Traoré,,,,,
Boubakary Soumaré,,,,,
Boulaye Dia,,,,,
Bradley Barcola,,,,,
Bradley Locko,,,,,
Brahim Díaz,,,,,
Braian Cufré,,,,,
Brais Méndez,,,,,
Branco van den Boomen,,,,,
Brandon Aguilera,,,,,
Brandon Mechele,,,,,
Brandon Soppy,,,,,
Brecht Dejaegere,,,,,
Breel Embolo,,,,,
Bremer,,,,,
Brendan Chardonnet,,,,,
Brenden Aaronson,,,,,
Brennan Johnson,,,,,
Brian Brobbey,,,,,
Brian Ocampo,,,,,
Brian Oliván,,,,,
Brice Samba,,,,,
Bruno Amione,,,,,
Bruno Costa,,,,,
Bruno Fernandes,,,,,
Bruno Guimarães,,,,,
Bryan Cristante,,,,,
Bryan Gil,,,,,
Bryan Mbeumo,,,,,
Bryan Oviedo,,,,,
Bryan Ruiz,,,,,
Bukayo Saka,,,,,
Caglar Söyüncü,,,,,
Caio Henrique,,,,,
Caleb Okoli,,,,,
Callum Hudson-Odoi,,,,,
Calum Chambers,,,,,
Cameron Archer,,,,,
Carles Pérez,,,,,
Carlos Augusto,,,,,
Carlos Baleba,,,,,
Carlos Clerc,,,,,
Carlos Fernández,,,,,
Carlos Gruezo,,,,,
Carlos Rodríguez,,,,,
Carlos Soler,,,,,
Carlos Vinícius,,,,,
Carney Chukwuemeka,,,,,
Casemiro,,,,,
Casper Nielsen,,,,,
Castello Lukeba,,,,,
Cédric Avinel,,,,,
Cédric Brunner,,,,,
Cédric Hountondji,,,,,
Cédric Soares,,,,,
Celso Borges,,,,,
Cengiz Ünder,,,,,
Cenk Özkacar,,,,,
César Azpilicueta,,,,,
César de la Hoz,,,,,
César Montes,,,,,
Chancel Mbemba,,,,,
Charalampos Lykogiannis,,,,,
Charles Aránguiz,,,,,
Charles De Ketelaere,,,,,
Charles Pickel,,,,,
Ché Adams,,,,,
Cheick Doucouré,,,,,
Cheikhou Kouyaté,,,,,
Chimy Ávila,,,,,
Chiquinho,,,,,
Choco Lozano,,,,,
Chris Führich,,,,,
Chris Mepham,,,,,
Chris Smalling,,,,,
Chris Wood,,,,,
Chrislain Matsima,,,,,
Christian Eriksen,,,,,
Christian Groß,,,,,
Christian Günter,,,,,
Christian Gytkjaer,,,,,
Christian Pulisic,,,,,
Christoph Baumgartner,,,,,
Christoph Kramer,,,,,
Christophe Hérelle,,,,,
Christopher Antwi-Adjei,,,,,
Christopher Jullien,,,,,
Christopher Lenz,,,,,
Christopher Nkunku,,,,,
Christopher Trimmel,,,,,
Christopher Wooh,,,,,
Chumi,,,,,
Ciprian Tatarusanu,,,,,
Ciro Immobile,,,,,
Cisse Sandra,,,,,
Claudio Bravo,,,,,
Clément Grenier,,,,,
Clément Lenglet,,,,,
Clément Vidal,,,,,
Clinton Mata,,,,,
Cody Gakpo,,,,,
Cole Palmer,,,,,
Colin Dagba,,,,,
Collins Fai,,,,,
Conor Coady,,,,,
Conor Gallagher,,,,,
Corentin Tolisso,,,,,
Craig Dawson,,,,,
Cristhian Stuani,,,,,
Cristian Buonaiuto,,,,,
Cristian Gamboa,,,,,
Cristian Romero,,,,,
Cristiano Biraghi,,,,,
Cristiano Ronaldo,,,,,
Crysencio Summerville,,,,,
Curtis Jones,,,,,
Cyle Larin,,,,,
Cyriel Dessers,,,,,
Cyrille Bayala,,,,,
Daichi Kamada,,,,,
Daley Blind,,,,,
Daley Sinkgraven,,,,,
Damián Suárez,,,,,
Damien Da Silva,,,,,
Dan Burn,,,,,
Dan-Axel Zagadou,,,,,
Dani García,,,,,
Dani Gómez,,,,,
Dani Olmo,,,,,
Dani Parejo,,,,,
Dani Rodríguez,,,,,
Dani Vivian,,,,,
Daniel Caligiuri,,,,,
Daniel Carvajal,,,,,
Daniel Chacón,,,,,
Daniel Ciofani,,,,,
Daniel James,,,,,
Daniel Maldini,,,,,
Daniel-Kofi Kyereh,,,,,
Daniele Rugani,,,,,
Daniele Verde,,,,,
Danilho Doekhi,,,,,
Danilo,,,,,
Danilo Cataldi,,,,,
Danilo Pereira,,,,,
Danilo Soares,,,,,
Danny da Costa,,,,,
Danny Ings,,,,,
Danny Latza,,,,,
Danny Namaso,,,,,
Danny Ward,,,,,
Danny Welbeck,,,,,
Dante,,,,,
Dany Mota,,,,,
Darko Brasanac,,,,,
Darko Lazović,,,,,
Darwin Núñez,,,,,
David Alaba,,,,,
David Carmo,,,,,
David Costa,,,,,
David de Gea,,,,,
David García,,,,,
David López,,,,,
David Neres,,,,,
David Okereke,,,,,
David Raum,,,,,
David Raya,,,,,
David Silva,,,,,
David Soria,,,,,
David Strelec,,,,,
David Zima,,,,,
Davide Faraoni,,,,,
Davide Frattesi,,,,,
Davie Selke,,,,,
Davinson Sánchez,,,,,
Dayne St. Clair,,,,,
Dayot Upamecano,,,,,
Dean Henderson,,,,,
Declan Rice,,,,,
Dedryck Boyata,,,,,
Deiver Machado,,,,,
Dejan Ljubicic,,,,,
Dejan Lovren,,,,,
Delano Burgzorg,,,,,
Demarai Gray,,,,,
Denis Genreau,,,,,
Denis Huseinbasic,,,,,
Denis Odoi,,,,,
Deniz Undav,,,,,
Dennis Geiger,,,,,
Dennis Praet,,,,,
Denso Kasius,,,,,
Denzel Dumfries,,,,,
Derry Scherhant,,,,,
Désiré Doué,,,,,
Destiny Udogie,,,,,
Diego Coppola,,,,,
Diego Costa,,,,,
Diego González,,,,,
Diego Llorente,,,,,
Diego López,,,,,
Diego Maradona,,,,,
Diego Palacios,,,,,
Diego Rico,,,,,
Diego Valencia,,,,,
Dimitri Foulquier,,,,,
Dimitri Liénard,,,,,
Dimitri Payet,,,,,
Dimitrios Nikolaou,,,,,
Diogo Costa,,,,,
Diogo Dalot,,,,,
Diogo Gonçalves,,,,,
Diogo Jota,,,,,
Dion Lopy,,,,,
Djed Spence,,,,,
Djené,,,,,
Djibril Sow,,,,,
Dodi Lukébakio,,,,,
Dodô,,,,,
Domagoj Bradaric,,,,,
Domagoj Vida,,,,,
Domenico Berardi,,,,,
Dominic Calvert-Lewin,,,,,
Dominic Solanke,,,,,
Dominick Drexler,,,,,
Dominik Kohr,,,,,
Dominik Livakovic,,,,,
Dominik Szoboszlai,,,,,
Dominique Heintz,,,,,
Donyell Malen,,,,,
Douglas López,,,,,
Douglas Luiz,,,,,
Dries Mertens,,,,,
Duccio Degli Innocenti,,,,,
Duje Caleta-Car,,,,,
Dusan Tadić,,,,,
Dušan Vlahović,,,,,
Dwight McNeil,,,,,
Dyego Sousa,,,,,
Dylan Bronn,,,,,
Dylan Levitt,,,,,
Eberechi Eze,,,,,
Eddie Nketiah,,,,,
Eden Hazard,,,,,
Éder Balanta,,,,,
Éder Militão,,,,,
Ederson,,,,,
Éderson,,,,,
Édgar Badía,,,,,
Edgar González,,,,,
Edimilson Fernandes,,,,,
Edin Dzeko,,,,,
Edinson Cavani,,,,,
Edmond Tapsoba,,,,,
Edoardo Bove,,,,,
Edon Zhegrova,,,,,
Edouard Mendy,,,,,
Edu Expósito,,,,,
Eduard Sobol,,,,,
Eduardo Camavinga,,,,,
Eduardo Quaresma,,,,,
Ehsan Hajsafi,,,,,
Eiji Kawashima,,,,,
El Bilal Touré,,,,,
El Chadaille Bitshiabu,,,,,
Elbasan Rashani,,,,,
Eldor Shomurodov,,,,,
Eliot Matazo,,,,,
Eljif Elmas,,,,,
Elliot Anderson,,,,,
Elseid Hysaj,,,,,
Elvis Rexhbecaj,,,,,
Elye Wahi,,,,,
Emanuel Aiwu,,,,,
Emanuel Vignato,,,,,
Emanuele Valeri,,,,,
Emerson Royal,,,,,
Emil Audero,,,,,
Emil Bohinen,,,,,
Emil Forsberg,,,,,
Emil Holm,,,,,
Emil Konradsen Ceide,,,,,
Emiliano Buendía,,,,,
Emiliano Martínez,,,,,
Emmanuel Agbadou,,,,,
Emmanuel Dennis,,,,,
Emmanuel Gyasi,,,,,
Emre Can,,,,,
Enes Ünal,,,,,
Enner Valencia,,,,,
Enzo Ebosse,,,,,
Enzo Fernández,,,,,
Enzo Le Fée,,,,,
Enzo Millot,,,,,
Enzo Roco,,,,,
Enzo Tchato,,,,,
Eray Cömert,,,,,
Eren Dinkci,,,,,
Erhan Masovic,,,,,
Eric Bailly,,,,,
Eric Dier,,,,,
Eric García,,,,,
Eric Martel,,,,,
Eric Maxim Choupo-Moting,,,,,
Érick Gutiérrez,,,,,
Erik Botheim,,,,,
Erik Lamela,,,,,
Erik Palmer-Brown,,,,,
Erling Haaland,,,,,
Ermedin Demirovic,,,,,
Ethan Pinnock,,,,,
Étienne Capoue,,,,,
Evan Ndicka,,,,,
Evanilson,,,,,
Evann Guessand,,,,,
Exequiel Palacios,,,,,
Ez Abde,,,,,
Ezequiel Ponce,,,,,
Ezri Konsa,,,,,
Fabián Ruiz,,,,,
Fabian Schär,,,,,
Fabiano Parisi,,,,,
Fabien Centonze,,,,,
Fabinho,,,,,
Fábio Cardoso,,,,,
Fábio Carvalho,,,,,
Fabio Chiarodia,,,,,
Fabio Depaoli,,,,,
Fabio Miretti,,,,,
Fabio Quagliarella,,,,,
Fábio Vieira,,,,,
Fabrizio Angileri,,,,,
Facundo Medina,,,,,
Faitout Maouassa,,,,,
Falaye Sacko,,,,,
Fali,,,,,
Farès Chaïbi,,,,,
Farid El Melali,,,,,
Faride Alidou,,,,,
Fede San Emeterio,,,,,
Federico Baschirotto,,,,,
Federico Bonazzoli,,,,,
Federico Ceccherini,,,,,
Federico Di Francesco,,,,,
Federico Dimarco,,,,,
Federico Fazio,,,,,
Federico Fernández,,,,,
Federico Valverde,,,,,
Felipe Anderson,,,,,
Felix Afena-Gyan,,,,,
Felix Agu,,,,,
Felix Nmecha,,,,,
Felix Passlack,,,,,
Felix Uduokhai,,,,,
Ferjani Sassi,,,,,
Ferland Mendy,,,,,
Fernando Calero,,,,,
Fernando Martínez,,,,,
Fernando Muslera,,,,,
Fernando Pacheco,,,,,
Ferran Jutglà,,,,,
Ferran Torres,,,,,
Fidel,,,,,
Fikayo Tomori,,,,,
Filip Djuricic,,,,,
Filip Kostic,,,,,
Filip Uremovic,,,,,
Filippo Bandinelli,,,,,
Filippo Ranocchia,,,,,
Finn Ole Becker,,,,,
Firas Al-Buraikan,,,,,
Flavien Tait,,,,,
Flavius Daniliuc,,,,,
Florent Mollet,,,,,
Florent Ogier,,,,,
Florentino,,,,,
Florian Dietz,,,,,
Florian Flick,,,,,
Florian Kainz,,,,,
Florian Lejeune,,,,,
Florian Müller,,,,,
Florian Niederlechner,,,,,
Florian Sotoca,,,,,
Florian Tardieu,,,,,
Flynn Downes,,,,,
Fodé Ballo-Touré,,,,,
Folarin Balogun,,,,,
Formose Mendy,,,,,
Fran Beltrán,,,,,
Fran García,,,,,
Fran Karacic,,,,,
Francesco Acerbi,,,,,
Francesco Caputo,,,,,
Francis Coquelin,,,,,
Francisco Portillo,,,,,
Franck Honorat,,,,,
Franck Kessié,,,,,
Franco Cervi,,,,,
Franco Russo,,,,,
François-Joseph Sollacaro,,,,,
Frank Onyeka,,,,,
Fred,,,,,
Frederik Rönnow,,,,,
Fredrik Aursnes,,,,,
Fredrik Jensen,,,,,
Frenkie de Jong,,,,,
Gabriel Jesus,,,,,
Gabriel Magalhães,,,,,
Gabriel Martinelli,,,,,
Gabriel Paulista,,,,,
Gabriel Strefezza,,,,,
Gabriel Veron,,,,,
Gaëtan Laborde,,,,,
Gaëtan Perrin,,,,,
Gaku Shibasaki,,,,,
Galeno,,,,,
Gareth Bale,,,,,
Gary Medel,,,,,
Gastón Álvarez,,,,,
Gauthier Gallon,,,,,
Gauthier Hein,,,,,
Gavi,,,,,
Gavin Bazunu,,,,,
Gédéon Kalulu,,,,,
Genki Haraguchi,,,,,
Geoffrey Kondogbia,,,,,
Georginio Rutter,,,,,
Georgios Kyriakopoulos,,,,,
Gerard Deulofeu,,,,,
Gerard Gumbau,,,,,
Gerard Piqué,,,,,
Gerard Yepes,,,,,
Gerardo Arteaga,,,,,
Germán Pezzella,,,,,
Gerónimo Rulli,,,,,
Gerrit Holtmann,,,,,
Gerson,,,,,
Gerzino Nyamsi,,,,,
Giacomo Bonaventura,,,,,
Giacomo Quagliata,,,,,
Giacomo Raspadori,,,,,
Gian Marco Ferrari,,,,,
Giangiacomo Magnani,,,,,
Gianluca Caprari,,,,,
Gianluca Gaetano,,,,,
Gianluca Mancini,,,,,
Gianluca Scamacca,,,,,
Gianluigi Donnarumma,,,,,
Gideon Mensah,,,,,
Gilberto,,,,,
Giorgi Mamardashvili,,,,,
Giorgio Scalvini,,,,,
Giovani Lo Celso,,,,,
Giovanni Di Lorenzo,,,,,
Giovanni González,,,,,
Giovanni Reyna,,,,,
Giovanni Simeone,,,,,
Giulian Biancone,,,,,
Giulio Donati,,,,,
Giulio Maggiore,,,,,
Giuseppe Pezzella,,,,,
Gonçalo Borges,,,,,
Gonçalo Paciência,,,,,
Gonçalo Ramos,,,,,
Gonzalo Escalante,,,,,
Gonzalo Melero,,,,,
Gonzalo Montiel,,,,,
Gonzalo Plata,,,,,
Gonzalo Verdú,,,,,
Gonzalo Villar,,,,,
Granit Xhaka,,,,,
Gregor Kobel,,,,,
Grejohn Kyei,,,,,
Grigoris Kastanos,,,,,
Grischa Prömel,,,,,
Grzegorz Krychowiak,,,,,
Gue-sung Cho,,,,,
Guglielmo Vicario,,,,,
Guido Rodríguez,,,,,
Guillermo Maripán,,,,,
Guillermo Ochoa,,,,,
Habib Diarra,,,,,
Hakan Calhanoglu,,,,,
Hakim Ziyech,,,,,
Hamari Traoré,,,,,
Hamed Junior Traorè,,,,,
Hamza Sakhi,,,,,
Hannibal Mejbri,,,,,
Hans Hateboer,,,,,
Hans Vanaken,,,,,
Haris Belkebla,,,,,
Haris Seferovic,,,,,
Harrison Reed,,,,,
Harry Kane,,,,,
Harry Maguire,,,,,
Harry Toffolo,,,,,
Harry Wilson,,,,,
Harvey Barnes,,,,,
Harvey Elliott,,,,,
Hattan Bahebri,,,,,
Héctor Bellerín,,,,,
Héctor Moreno,,,,,
Hee-chan Hwang,,,,,
Helibelton Palacios,,,,,
Henning Matriciani,,,,,
Henrikh Mkhitaryan,,,,,
Henrique Silva,,,,,
Heung-min Son,,,,,
Hicham Boudaoui,,,,,
Hidemasa Morita,,,,,
Himad Abdelli,,,,,
Hiroki Ito,,,,,
Hirving Lozano,,,,,
Hossein Hosseini,,,,,
Houboulang Mendes,,,,,
Houssem Aouar,,,,,
Hrvoje Smolcic,,,,,
Hugo Duro,,,,,
Hugo Ekitiké,,,,,
Hugo Guillamón,,,,,
Hugo Lloris,,,,,
Hugo Magnetti,,,,,
Hugo Mallo,,,,,
Hugo Novoa,,,,,
Hyun-jun Yang,,,,,
Iago,,,,,
Iago Aspas,,,,,
Ibrahim Amadou,,,,,
Ibrahima Diallo,,,,,
Ibrahima Konaté,,,,,
Ibrahima Koné,,,,,
Ibrahima Sissoko,,,,,
Iddrisu Baba,,,,,
Idrissa Gueye,,,,,
Ignacio Pussetto,,,,,
Ignatius Ganago,,,,,
Igor Zubeldia,,,,,
Iké Ugbo,,,,,
Ilaix Moriba,,,,,
Ilia Gruev,,,,,
Ilias Chair,,,,,
Ilija Nestorovski,,,,,
Ilkay Gündogan,,,,,
Illan Meslier,,,,,
In-beom Hwang,,,,,
Iñaki Williams,,,,,
Iñigo Eguaras,,,,,
Iñigo Lekue,,,,,
Iñigo Martínez,,,,,
Iñigo Ruiz de Galarreta,,,,,
Ionut Radu,,,,,
Irvin Cardona,,,,,
Isaac Success,,,,,
Isaak Touré,,,,,
Isak Hien,,,,,
Isco,,,,,
Isi Palazón,,,,,
Ismaël Bennacer,,,,,
Ismaël Boura,,,,,
Ismaël Diallo,,,,,
Ismaël Doukouré,,,,,
Ismaël Koné,,,,,
Ismaïla Sarr,,,,,
Ismaily,,,,,
Issa Diop,,,,,
Issa Kaboré,,,,,
Issahaku Fatawu,,,,,
Issiaga Sylla,,,,,
Iván Alejo,,,,,
Iván Balliu,,,,,
Iván Fresneda,,,,,
Ivan Ilic,,,,,
Ivan Ordets,,,,,
Ivan Perisic,,,,,
Ivan Provedel,,,,,
Ivan Rakitic,,,,,
Iván Sánchez,,,,,
Ivan Sunjic,,,,,
Ivan Toney,,,,,
Ivo Grbic,,,,,
Iza Carcelén,,,,,
Jacek Goralski,,,,,
Jack Grealish,,,,,
Jack Harrison,,,,,
Jack Stacey,,,,,
Jack Stephens,,,,,
Jackson Irvine,,,,,
Jackson Porozo,,,,,
Jacob Bruun Larsen,,,,,
Jacob Murphy,,,,,
Jacob Ramsey,,,,,
Jacopo Fazzini,,,,,
Jadon Sancho,,,,,
Jae-sung Lee,,,,,
Jaidon Anthony,,,,,
Jaime Mata,,,,,
Jaime Seoane,,,,,
Jairo Riedewald,,,,,
Jaka Bijol,,,,,
Jakub Kaminski,,,,,
Jakub Kiwior,,,,,
Jamaal Lascelles,,,,,
Jamal Musiala,,,,,
James Garner,,,,,
James Justin,,,,,
James Maddison,,,,,
James Milner,,,,,
James Ward-Prowse,,,,,
Jamie Leweling,,,,,
Jamie Maclaren,,,,,
Jamie Vardy,,,,,
Jan Bednarek,,,,,
Jan Oblak,,,,,
Jan Vertonghen,,,,,
Janik Haberer,,,,,
Janis Antiste,,,,,
Janis Blaswich,,,,,
Jannes Horn,,,,,
Jarrod Bowen,,,,,
Jasper Cillessen,,,,,
Jaume Costa,,,,,
Javi Galán,,,,,
Javi Hernández,,,,,
Javi Sánchez,,,,,
Jawad El Yamiq,,,,,
Jean Botué,,,,,
Jean Lucas,,,,,
Jean Onana,,,,,
Jean-Charles Castelletto,,,,,
Jean-Clair Todibo,,,,,
Jean-Daniel Akpa Akpro,,,,,
Jean-Eudes Aholou,,,,,
Jean-Kévin Duverne,,,,,
Jean-Paul Boëtius,,,,,
Jean-Philippe Mateta,,,,,
Jean-Victor Makengo,,,,,
Jeff Reine-Adélaïde,,,,,
Jefferson Lerma,,,,,
Jeffrey Gouweleeuw,,,,,
Jeffrey Schlupp,,,,,
Jeison Murillo,,,,,
Jens Cajuste,,,,,
Jens Stage,,,,,
Jerdy Schouten,,,,,
Jere Uronen,,,,,
Jeremías Ledesma,,,,,
Jérémie Bela,,,,,
Jérémie Boga,,,,,
Jeremie Frimpong,,,,,
Jérémy Doku,,,,,
Jérémy Le Douaron,,,,,
Jeremy Sarmiento,,,,,
Jeremy Toljan,,,,,
Jérôme Boateng,,,,,
Jérôme Roussillon,,,,,
Jesper Lindström,,,,,
Jesse Lingard,,,,,
Jesús Navas,,,,,
Jesús Vázquez,,,,,
Jewison Bennette,,,,,
Jhon Lucumí,,,,,
Jim Allevinah,,,,,
Jimmy Cabot,,,,,
Jin-su Kim,,,,,
Jiri Pavlenka,,,,,
Joachim Andersen,,,,,
Joakim Maehle,,,,,
Joan González,,,,,
Joan Jordán,,,,,
João Cancelo,,,,,
João Félix,,,,,
João Mário,,,,,
João Mário,,,,,
João Moutinho,,,,,
João Palhinha,,,,,
Joaquín Blázquez,,,,,
Joaquín Correa,,,,,
Joaquín Fernández,,,,,
Joaquín Sosa,,,,,
Joe Allen,,,,,
Joe Aribo,,,,,
Joe Bryan,,,,,
Joe Gelhardt,,,,,
Joe Gomez,,,,,
Joe Rodon,,,,,
Joe Rothwell,,,,,
Joe Scally,,,,,
Joe Willock,,,,,
Joe Worrall,,,,,
Joël Veltman,,,,,
Joel Ward,,,,,
Joel Waterman,,,,,
Joelinton,,,,,
Johan Gastien,,,,,
Johan Mojica,,,,,
Johan Vásquez,,,,,
Johan Venegas,,,,,
Johann Lepenant,,,,,
John McGinn,,,,,
John Stones,,,,,
Jon Karrikaburu,,,,,
Jon Moncayola,,,,,
Jon Morcillo,,,,,
Jon Pacheco,,,,,
Jonas Hector,,,,,
Jonas Hofmann,,,,,
Jonas Martin,,,,,
Jonas Omlin,,,,,
Jonas Wind,,,,,
Jonathan Bamba,,,,,
Jonathan Burkardt,,,,,
Jonathan Clauss,,,,,
Jonathan David,,,,,
Jonathan Gradit,,,,,
Jonathan Ikoné,,,,,
Jonathan Tah,,,,,
Jonjo Shelvey,,,,,
Jonjoe Kenny,,,,,
Jonny Evans,,,,,
Jonny Otto,,,,,
Jordan,,,,,
Jordan Amavi,,,,,
Jordan Ayew,,,,,
Jordan Ferri,,,,,
Jordan Henderson,,,,,
Jordan Lotomba,,,,,
Jordan Pickford,,,,,
Jordan Veretout,,,,,
Jordan Zemura,,,,,
Jordi Alba,,,,,
Jordi Masip,,,,,
Jordi Osei-Tutu,,,,,
Jörgen Strand Larsen,,,,,
Jorginho,,,,,
Joris Chotard,,,,,
Josan,,,,,
José Ángel Carmona,,,,,
José Carlos Lazo,,,,,
José Cifuentes,,,,,
José Copete,,,,,
José Fonte,,,,,
José Gayà,,,,,
José Luis Morales,,,,,
José Mari,,,,,
José María Giménez,,,,,
José Pozo,,,,,
José Sá,,,,,
Joselu,,,,,
Joseph Aidoo,,,,,
Josh Dasilva,,,,,
Josh Doig,,,,,
Josh Onomah,,,,,
Josh Sargent,,,,,
Joshua Kimmich,,,,,
Joshua Zirkzee,,,,,
Josip Brekalo,,,,,
Josko Gvardiol,,,,,
Josuha Guilavogui,,,,,
Juan Bernat,,,,,
Juan Cabal,,,,,
Juan Cala,,,,,
Juan Carlos,,,,,
Juan Cruz,,,,,
Juan Cuadrado,,,,,
Juan Iglesias,,,,,
Juan Jesus,,,,,
Juan José Perea,,,,,
Juan Larios,,,,,
Juan Miranda,,,,,
Juan Musso,,,,,
Juan Pablo Vargas,,,,,
Juanmi Latasa,,,,,
Jubal,,,,,
Jude Bellingham,,,,,
Jules Koundé,,,,,
Julián Álvarez,,,,,
Julian Baumgartlinger,,,,,
Julian Brandt,,,,,
Julian Draxler,,,,,
Julian Jeanvier,,,,,
Julian Ryerson,,,,,
Julian Weigl,,,,,
Julien Laporte,,,,,
Julien Ponceau,,,,,
Julio Enciso,,,,,
Jun-ho Son,,,,,
Junior Dina Ebimbe,,,,,
Junior Firpo,,,,,
Junior Messias,,,,,
Junior Sambia,,,,,
Junior Stanislas,,,,,
Junya Ito,,,,,
Jurrien Timber,,,,,
Justin Kluivert,,,,,
Kai Havertz,,,,,
Kaiky,,,,,
Kalidou Koulibaly,,,,,
Kalvin Phillips,,,,,
Kamal Sowah,,,,,
Kamaldeen Sulemana,,,,,
Kamil Glik,,,,,
Kamory Doumbia,,,,,
Kaoru Mitoma,,,,,
Karamoko Dembélé,,,,,
Karim Adeyemi,,,,,
Karim Ansarifard,,,,,
Karim Benzema,,,,,
Karim Onisiwo,,,,,
Karl Toko Ekambi,,,,,
Karol Linetty,,,,,
Kasper Dolberg,,,,,
Kasper Schmeichel,,,,,
Keane Lewis-Potter,,,,,
Keidi Bare,,,,,
Kelechi Iheanacho,,,,,
Kellyn Acosta,,,,,
Kelvin Amian,,,,,
Kenan Karaman,,,,,
Kendall Waston,,,,,
Kenny Tete,,,,,
Kepa Arrizabalaga,,,,,
Kerem Demirbay,,,,,
Kerim Calhanoglu,,,,,
Keven Schlotterbeck,,,,,
Kevin Agudelo,,,,,
Kevin Akpoguma,,,,,
Kevin Álvarez,,,,,
Kevin Behrens,,,,,
Kevin Bonifazi,,,,,
Kevin De Bruyne,,,,,
Kévin Gameiro,,,,,
Kevin Kampl,,,,,
Kévin Keben,,,,,
Kevin Lasagna,,,,,
Kevin Paredes,,,,,
Kevin Schade,,,,,
Kevin Spadanuda,,,,,
Kevin Stöger,,,,,
Kevin Trapp,,,,,
Kevin Vogt,,,,,
Kevin Volland,,,,,
Kevin-Prince Boateng,,,,,
Keylor Navas,,,,,
Keysher Fuller,,,,,
Khalil Fayad,,,,,
Khéphren Thuram,,,,,
Khvicha Kvaratskhelia,,,,,
Kieffer Moore,,,,,
Kieran Tierney,,,,,
Kieran Trippier,,,,,
Kiernan Dewsbury-Hall,,,,,
Kike Barja,,,,,
Kike García,,,,,
Kike Pérez,,,,,
Kiko Femenía,,,,,
Kilian Fischer,,,,,
Kiliann Sildillia,,,,,
Kingsley Coman,,,,,
Kingsley Ehizibue,,,,,
Kingsley Schindler,,,,,
Koen Casteels,,,,,
Koffi Djidji,,,,,
Koke,,,,,
Komnen Andric,,,,,
Koni De Winter,,,,,
Konstantinos Mavropanos,,,,,
Konstantinos Stafylidis,,,,,
Konstantinos Tsimikas,,,,,
Koray Günter,,,,,
Kouadio Koné,,,,,
Krépin Diatta,,,,,
Kristian Pedersen,,,,,
Kristian Thorstvedt,,,,,
Kristijan Bistrovic,,,,,
Kristijan Jakic,,,,,
Kristjan Asllani,,,,,
Kristoffer Ajer,,,,,
Kristoffer Askildsen,,,,,
Krzysztof Piatek,,,,,
Kurt Zouma,,,,,
Kyle Walker,,,,,
Kylian Mbappé,,,,,
Kyung-won Kwon,,,,,
Lameck Banda,,,,,
Largie Ramazani,,,,,
Lars Stindl,,,,,
Lassana Coulibaly,,,,,
Lassine Sinayoko,,,,,
Laurent Abergel,,,,,
Lautaro Martínez,,,,,
Lazar Samardzic,,,,,
Lázaro,,,,,
Leander Dendoncker,,,,,
Leandro Barreiro,,,,,
Leandro Cabrera,,,,,
Leandro Paredes,,,,,
Leandro Sanca,,,,,
Leandro Trossard,,,,,
Lebo Mothiba,,,,,
Lee Buchanan,,,,,
Léo Baptistão,,,,,
Leo Greiml,,,,,
Léo Leroy,,,,,
Leo Östigard,,,,,
Leon Bailey,,,,,
Leon Goretzka,,,,,
Leonardo Balerdi,,,,,
Leonardo Bittencourt,,,,,
Leonardo Bonucci,,,,,
Leonardo Sernicola,,,,,
Leonardo Spinazzola,,,,,
Leroy Sané,,,,,
Lesley Ugochukwu,,,,,
Lev Yashin,,,,,
Lewis Cook,,,,,
Lewis Dunk,,,,,
Lewis Ferguson,,,,,
Lewis O'Brien,,,,,
Liam Cooper,,,,,
Liam Henderson,,,,,
Liberato Cacace,,,,,
Lilian Brassier,,,,,
Lilian Egloff,,,,,
Linton Maina,,,,,
Lionel Messi,,,,,
Lisandro Martínez,,,,,
Lohann Doucet,,,,,
Loïs Openda,,,,,
Lorenz Assignon,,,,,
Lorenzo Colombo,,,,,
Lorenzo De Silvestri,,,,,
Lorenzo Montipò,,,,,
Lorenzo Pellegrini,,,,,
Lorenzo Pirola,,,,,
Lorenzo Venuti,,,,,
Lovro Majer,,,,,
Luca Caldirola,,,,,
Luca D'Andrea,,,,,
Luca de la Torre,,,,,
Luca Kilian,,,,,
Luca Netz,,,,,
Luca Pellegrini,,,,,
Luca Pfeiffer,,,,,
Luca Zanimacchia,,,,,
Lucas Alario,,,,,
Lucas Boyé,,,,,
Lucas Chevalier,,,,,
Lucas Digne,,,,,
Lucas Hernández,,,,,
Lucas Höler,,,,,
Lucas Moura,,,,,
Lucas Olaza,,,,,
Lucas Paquetá,,,,,
Lucas Perrin,,,,,
Lucas Robertone,,,,,
Lucas Torreira,,,,,
Lucas Torró,,,,,
Lucas Vázquez,,,,,
Lucien Agoumé,,,,,
Ludovic Ajorque,,,,,
Ludovic Blas,,,,,
Luigi Sepe,,,,,
Luis Alberto,,,,,
Luis Chávez,,,,,
Luis Hernández,,,,,
Luis Milla,,,,,
Luis Muriel,,,,,
Luis Romo,,,,,
Luis Sinisterra,,,,,
Luis Suárez,,,,,
Luis Suárez,,,,,
Luiz Felipe,,,,,
Luiz Henrique,,,,,
Luka Jović,,,,,
Luka Lochoshvili,,,,,
Luka Milivojevic,,,,,
Luka Modric,,,,,
Lukas Hradecky,,,,,
Lukas Kübler,,,,,
Lukas Nmecha,,,,,
Lukas Petkov,,,,,
Lukasz Fabianski,,,,,
Lukasz Poreba,,,,,
Lukasz Skorupski,,,,,
Luke Ayling,,,,,
Luke Shaw,,,,,
Luke Thomas,,,,,
Lyanco,,,,,
Lynnt Audoor,,,,,
M'Bala Nzola,,,,,
M'Baye Niang,,,,,
Mads Pedersen,,,,,
Mads Roerslev Rasmussen,,,,,
Mady Camara,,,,,
Maghnes Akliouche,,,,,
Mahdi Camara,,,,,
Makoto Hasebe,,,,,
Malang Sarr,,,,,
Malcolm Ebiowei,,,,,
Malick Thiaw,,,,,
Malo Gusto,,,,,
Mama Baldé,,,,,
Mamadou Sakho,,,,,
Manolo Gabbiadini,,,,,
Manu Morlanes,,,,,
Manu Sánchez,,,,,
Manu Trigueros,,,,,
Manu Vallejo,,,,,
Manuel Akanji,,,,,
Manuel Lanzini,,,,,
Manuel Lazzari,,,,,
Manuel Locatelli,,,,,
Manuel Neuer,,,,,
Manuel Riemann,,,,,
Marash Kumbulla,,,,,
Marc Albrighton,,,,,
Marc Cucurella,,,,,
Marc Oliver Kempf,,,,,
Marc Roca,,,,,
Marc-André ter Stegen,,,,,
Marcão,,,,,
Marcel Halstenberg,,,,,
Marcel Sabitzer,,,,,
Marcel Wenig,,,,,
Marcelo Brozovic,,,,,
Marco Asensio,,,,,
Marco Bizot,,,,,
Marco Carnesecchi,,,,,
Marco D'Alessandro,,,,,
Marco Friedl,,,,,
Marco Reus,,,,,
Marco Richter,,,,,
Marco Silvestri,,,,,
Marco Sportiello,,,,,
Marco Verratti,,,,,
Marcos Acuña,,,,,
Marcos Alonso,,,,,
Marcos André,,,,,
Marcos Antônio,,,,,
Marcos Llorente,,,,,
Marcos Senesi,,,,,
Marcus Coco,,,,,
Marcus Ingvartsen,,,,,
Marcus Rashford,,,,,
Marcus Tavernier,,,,,
Marcus Thuram,,,,,
Mariano Díaz,,,,,
Marin Pongracic,,,,,
Mario Gila,,,,,
Mario Götze,,,,,
Mario Hermoso,,,,,
Mario Lemina,,,,,
Mario Pasalic,,,,,
Mário Rui,,,,,
Marius Bülter,,,,,
Marius Wolf,,,,,
Mark Flekken,,,,,
Mark Travers,,,,,
Mark Uth,,,,,
Marko Arnautovic,,,,,
Marko Dmitrović,,,,,
Marko Grujic,,,,,
Marko Pjaca,,,,,
Marlon,,,,,
Marlos Moreno,,,,,
Marquinhos,,,,,
Marshall Munetsi,,,,,
Marten de Roon,,,,,
Martin Adeline,,,,,
Martin Braithwaite,,,,,
Martin Erlic,,,,,
Martin Hongla,,,,,
Martín Montoya,,,,,
Martin Ødegaard,,,,,
Martín Satriano,,,,,
Martin Terrier,,,,,
Martin Valjent,,,,,
Martín Zubimendi,,,,,
Márton Dárdai,,,,,
Marvin Ducksch,,,,,
Marvin Friedrich,,,,,
Marvin Plattenhardt,,,,,
Marvin Schwäbe,,,,,
Mason Mount,,,,,
Massadio Haidara,,,,,
Mateo Kovacic,,,,,
Mateus Uribe,,,,,
Mateusz Klich,,,,,
Mateusz Lis,,,,,
Mateusz Wieteska,,,,,
Matheus Cunha,,,,,
Matheus Henrique,,,,,
Matheus Nunes,,,,,
Mathew Ryan,,,,,
Mathias Jensen,,,,,
Mathías Olivera,,,,,
Mathias Pereira Lage,,,,,
Mathieu Coutadeur,,,,,
Mathys Tel,,,,,
Matías Soulé,,,,,
Matías Vecino,,,,,
Matías Viña,,,,,
Matija Nastasić,,,,,
Mats Hummels,,,,,
Matt Doherty,,,,,
Matt Targett,,,,,
Matt Turner,,,,,
Matteo Bianchetti,,,,,
Matteo Cancellieri,,,,,
Matteo Darmian,,,,,
Matteo Gabbia,,,,,
Mattéo Guendouzi,,,,,
Matteo Lovato,,,,,
Matteo Pessina,,,,,
Matteo Politano,,,,,
Matteo Ruggeri,,,,,
Matthias Ginter,,,,,
Matthijs de Ligt,,,,,
Matthis Abline,,,,,
Mattia Caldara,,,,,
Mattia Destro,,,,,
Mattia Zaccagni,,,,,
Mattias Svanberg,,,,,
Matty Cash,,,,,
Mauro Arambarri,,,,,
Max Kilman,,,,,
Maxence Caqueret,,,,,
Maxence Lacroix,,,,,
Maxime Dupé,,,,,
Maxime Estève,,,,,
Maxime Gonalons,,,,,
Maxime Le Marchand,,,,,
Maximilian Arnold,,,,,
Maximilian Bauer,,,,,
Maximilian Eggestein,,,,,
Maximilian Mittelstädt,,,,,
Maximiliano Caufriez,,,,,
Maya Yoshida,,,,,
Mehdi Bourabia,,,,,
Mehdi Léris,,,,,
Mehdi Taremi,,,,,
Mehdi Torabi,,,,,
Mehdi Zeffane,,,,,
Mehmet Aydin,,,,,
Memphis Depay,,,,,
Mergim Berisha,,,,,
Mërgim Vojvoda,,,,,
Merih Demiral,,,,,
Meshaal Barsham,,,,,
Michael Estrada,,,,,
Michael Gregoritsch,,,,,
Michael Olise,,,,,
Michail Antonio,,,,,
Michel Adopo,,,,,
Michel Aebischer,,,,,
Michele Castagnetti,,,,,
Michele Di Gregorio,,,,,
Michy Batshuayi,,,,,
Mickaël Barreto,,,,,
Mickaël Malsa,,,,,
Micky van de Ven,,,,,
Miguel Almirón,,,,,
Miguel Gutiérrez,,,,,
Miguel Veloso,,,,,
Miha Blazic,,,,,
Mikel Merino,,,,,
Mikel Vesga,,,,,
Miki Yamane,,,,,
Mikkel Damsgaard,,,,,
Mikkel Desler,,,,,
Milad Mohammadi,,,,,
Milan Borjan,,,,,
Milan Djuric,,,,,
Milan Skriniar,,,,,
Milos Degenek,,,,,
Milos Pantovic,,,,,
Milos Veljkovic,,,,,
Min-jae Kim,,,,,
Mislav Orsic,,,,,
Mitchel Bakker,,,,,
Mitchell van Bergen,,,,,
Mitchell Weiser,,,,,
Mohamed Bayo,,,,,
Mohamed Camara,,,,,
Mohamed Elyounoussi,,,,,
Mohamed Kanno,,,,,
Mohamed Salah,,,,,
Mohamed Simakan,,,,,
Mohamed Youssouf,,,,,
Mohammed Al-Owais,,,,,
Mohammed Kudus,,,,,
Mohammed Muntari,,,,,
Moi Gómez,,,,,
Moise Kean,,,,,
Moisés Caicedo,,,,,
Momo Cho,,,,,
Momo Mbaye,,,,,
Monchu,,,,,
Montassar Talbi,,,,,
Moon-hwan Kim,,,,,
Morgan Gibbs-White,,,,,
Morten Hjulmand,,,,,
Morten Thorsby,,,,,
Mory Diaw,,,,,
Moses Simon,,,,,
Mostafa Mohamed,,,,,
Mouctar Diakhaby,,,,,
Mounaïm El Idrissy,,,,,
Moussa Dembélé,,,,,
Moussa Diaby,,,,,
Moussa Diarra,,,,,
Moussa Djenepo,,,,,
Moussa Sissoko,,,,,
Muhammed Cham,,,,,
Munas Dabbur,,,,,
Munir El Haddadi,,,,,
Musa Barrow,,,,,
Myron Boadu,,,,,
Nabil Bentaleb,,,,,
Nabil Fekir,,,,,
Nacho Fernández,,,,,
Nacho Vidal,,,,,
Nadiem Amiri,,,,,
Nadir Zortea,,,,,
Nahuel Molina,,,,,
Naïm Sliti,,,,,
Nampalys Mendy,,,,,
Naouirou Ahamada,,,,,
Nathan Aké,,,,,
Nathan Collins,,,,,
Neal Maupay,,,,,
Neco Williams,,,,,
Nedim Bajrami,,,,,
Neeskens Kebano,,,,,
Nehuén Pérez,,,,,
Nélson Semedo,,,,,
Nelson Weiper,,,,,
Nemanja Gudelj,,,,,
Nemanja Maksimović,,,,,
Nemanja Matić,,,,,
Nemanja Radonjić,,,,,
Néstor Araújo,,,,,
Neto,,,,,
Neto Borges,,,,,
Neymar,,,,,
Nick Pope,,,,,
Niclas Füllkrug,,,,,
Nico Elvedi,,,,,
Nico González,,,,,
Nico Melamed,,,,,
Nico Schlotterbeck,,,,,
Nico Williams,,,,,
Nicola Murru,,,,,
Nicola Sansone,,,,,
Nicola Zalewski,,,,,
Nicolai Rapp,,,,,
Nicolas Cozza,,,,,
Nicolás Domínguez,,,,,
Nicolás Fernández Mercau,,,,,
Nicolas Haas,,,,,
Nicolas Höfler,,,,,
Nicolas Jackson,,,,,
Nicolas Moumi Ngamaleu,,,,,
Nicolás Otamendi,,,,,
Nicolas Pallois,,,,,
Nicolás Tagliafico,,,,,
Nicolò Barella,,,,,
Nicolò Cambiaghi,,,,,
Nicolò Casale,,,,,
Nicolò Fagioli,,,,,
Nicolò Rovella,,,,,
Nicolò Zaniolo,,,,,
Niklas Schmidt,,,,,
Niklas Stark,,,,,
Niklas Süle,,,,,
Niklas Tauer,,,,,
Niko Gießelmann,,,,,
Nikola Milenković,,,,,
Nikola Moro,,,,,
Nikola Soldo,,,,,
Nikola Vlasic,,,,,
Nikolas Nartey,,,,,
Nils Petersen,,,,,
Noa Lang,,,,,
Noah Fadiga,,,,,
Noah Jean Holm,,,,,
Noah Weißhaupt,,,,,
Norbert Gyomber,,,,,
Nordi Mukiele,,,,,
Nordine Kandil,,,,,
Nouhou Tolo,,,,,
Noussair Mazraoui,,,,,
Nuno Mendes,,,,,
Nuno Tavares,,,,,
Odilon Kossounou,,,,,
Odsonne Edouard,,,,,
Odysseas Vlachodimos,,,,,
Oier Zarraga,,,,,
Oihan Sancet,,,,,
Ola Aina,,,,,
Oliver Baumann,,,,,
Oliver Burke,,,,,
Oliver Christensen,,,,,
Oliver Skipp,,,,,
Óliver Torres,,,,,
Oliver Zandén,,,,,
Olivier Giroud,,,,,
Ollie Watkins,,,,,
Omar Colley,,,,,
Omar Marmoush,,,,,
Omar Mascarell,,,,,
Ondrej Duda,,,,,
Orel Mangala,,,,,
Oriol Romeu,,,,,
Óscar de Marcos,,,,,
Óscar Gil,,,,,
Óscar Mingueza,,,,,
Óscar Plano,,,,,
Óscar Rodríguez,,,,,
Óscar Trejo,,,,,
Óscar Valentín,,,,,
Otávio,,,,,
Oumar Gonzalez,,,,,
Ousmane Dembélé,,,,,
Ozan Kabak,,,,,
Pablo Fornals,,,,,
Pablo Ibáñez,,,,,
Pablo Maffeo,,,,,
Pablo Marí,,,,,
Pablo Rodríguez,,,,,
Pablo Rosario,,,,,
Pablo Sarabia,,,,,
Pablo Torre,,,,,
Papa Ndiaga Yade,,,,,
Pape Abou Cissé,,,,,
Pape Gueye,,,,,
Papu Gómez,,,,,
Pascal Groß,,,,,
Pascal Stenzel,,,,,
Pascal Struijk,,,,,
Pasquale Mazzocchi,,,,,
Patric,,,,,
Patrick Bamford,,,,,
Patrick Ciurria,,,,,
Patrick Herrmann,,,,,
Patrick Osterhage,,,,,
Patrick Wimmer,,,,,
Patrik Schick,,,,,
Patson Daka,,,,,
Pau López,,,,,
Pau Torres,,,,,
Paul Akouokou,,,,,
Paul Bernardoni,,,,,
Paul Jaeckel,,,,,
Paul Joly,,,,,
Paul Seguin,,,,,
Paul Wanner,,,,,
Paulinho,,,,,
Paulo Dybala,,,,,
Paulo Gazzaniga,,,,,
Paulo Otávio,,,,,
Pavel Kaderabek,,,,,
Pawel Dawidowicz,,,,,
Pedri,,,,,
Pedro,,,,,
Pedro Bigas,,,,,
Pedro Chirivella,,,,,
Pedro Obiang,,,,,
Pele,,,,,
Pep Chavarría,,,,,
Pepe,,,,,
Pepê,,,,,
Pere Milla,,,,,
Perr Schuurs,,,,,
Pervis Estupiñán,,,,,
Petar Musa,,,,,
Petar Stojanovic,,,,,
Petko Hristov,,,,,
Phil Foden,,,,,
Philipp Förster,,,,,
Philipp Hofmann,,,,,
Philipp Lienhart,,,,,
Philippe Coutinho,,,,,
Piero Hincapié,,,,,
Pierre Kalulu,,,,,
Pierre Lees-Melou,,,,,
Pierre-Emerick Aubameyang,,,,,
Pierre-Emile Höjbjerg,,,,,
Pierrick Capelle,,,,,
Pietro Pellegri,,,,,
Pietro Terracciano,,,,,
Piotr Zielinski,,,,,
Pol Lirola,,,,,
Pol Lozano,,,,,
Portu,,,,,
Predrag Rajković,,,,,
Presnel Kimpembe,,,,,
Przemyslaw Frankowski,,,,,
Quentin Merlin,,,,,
Radamel Falcao,,,,,
Rade Krunic,,,,,
Rafa Mir,,,,,
Rafa Silva,,,,,
Rafael Borré,,,,,
Rafael Leão,,,,,
Rafael Ratão,,,,,
Rafal Gikiewicz,,,,,
Raheem Sterling,,,,,
Ramón Terrats,,,,,
Ramy Bensebaini,,,,,
Randal Kolo Muani,,,,,
Randy Nteka,,,,,
Rani Khedira,,,,,
Raoul Bellanova,,,,,
Raphael Framberger,,,,,
Raphaël Guerreiro,,,,,
Raphael Onyedika,,,,,
Raphaël Varane,,,,,
Raphinha,,,,,
Rasmus Höjlund,,,,,
Rasmus Nicolaisen,,,,,
Raúl Albiol,,,,,
Raúl García,,,,,
Raúl Guti,,,,,
Raúl Jiménez,,,,,
Rayan Cherki,,,,,
Rayan Raveloson,,,,,
Razvan Marin,,,,,
Reinier,,,,,
Reinildo Mandava,,,,,
Reiss Nelson,,,,,
Rémi Oudin,,,,,
Remo Freuler,,,,,
Rémy Cabella,,,,,
Rémy Descamps,,,,,
Rémy Dugimont,,,,,
Renan Lodi,,,,,
Renato Sanches,,,,,
Renato Steffen,,,,,
Renato Tapia,,,,,
Renaud Ripart,,,,,
Riad Nouri,,,,,
Ricardo Rodríguez,,,,,
Riccardo Orsolini,,,,,
Riccardo Saponara,,,,,
Richarlison,,,,,
Richie Laryea,,,,,
Rico Henry,,,,,
Ridle Baku,,,,,
Ritsu Doan,,,,,
Riyad Mahrez,,,,,
Rob Holding,,,,,
Robert Andrich,,,,,
Robert Gumny,,,,,
Robert Lewandowski,,,,,
Robert Navarro,,,,,
Robert Sánchez,,,,,
Robert Skov,,,,,
Roberto Alvarado,,,,,
Roberto Firmino,,,,,
Roberto Gagliardini,,,,,
Roberto Pereyra,,,,,
Roberto Piccoli,,,,,
Roberto Soriano,,,,,
Robin Gosens,,,,,
Robin Knoche,,,,,
Robin Koch,,,,,
Robin Le Normand,,,,,
Robin Olsen,,,,,
Robin Zentner,,,,,
Rocco Reitz,,,,,
Rodri,,,,,
Rodri Sánchez,,,,,
Rodrigo,,,,,
Rodrigo Battaglia,,,,,
Rodrigo Becão,,,,,
Rodrigo Bentancur,,,,,
Rodrigo de Paul,,,,,
Rodrigo Ely,,,,,
Rodrigo Pinho,,,,,
Rodrigo Riquelme,,,,,
Rodrigo Zalazar,,,,,
Rodrygo,,,,,
Roger Ibañez,,,,,
Roger Martí,,,,,
Rogério,,,,,
Rolando Mandragora,,,,,
Romain Del Castillo,,,,,
Romain Faivre,,,,,
Romain Hamouma,,,,,
Romain Perraud,,,,,
Romain Saïss,,,,,
Roman Yaremchuk,,,,,
Romano Schmid,,,,,
Romelu Lukaku,,,,,
Rominigue Kouamé,,,,,
Ronaël Pierre-Gabriel,,,,,
Ronald Araújo,,,,,
Ronaldinho,,,,,
Ronaldo,,,,,
Ronaldo Vieira,,,,,
Rony Lopes,,,,,
Roque Mesa,,,,,
Ross Barkley,,,,,
Ruan Tressoldi,,,,,
Rubén Alcaraz,,,,,
Rúben Dias,,,,,
Rubén García,,,,,
Ruben Loftus-Cheek,,,,,
Rúben Neves,,,,,
Rubén Peña,,,,,
Rubén Sobrino,,,,,
Rubén Vargas,,,,,
Rui Patrício,,,,,
Rui Silva,,,,,
Ruslan Malinovskyi,,,,,
Ryan Christie,,,,,
Ryan Fraser,,,,,
Ryan Fredericks,,,,,
Ryan Gravenberch,,,,,
Ryan Sessegnon,,,,,
Ryan Yates,,,,,
Sacha Delaye,,,,,
Sada Thioub,,,,,
Sadegh Moharrami,,,,,
Sadio Mané,,,,,
Saël Kumbedi,,,,,
Saïd Benrahma,,,,,
Saîf-Eddine Khaoui,,,,,
Saleh Al-Shehri,,,,,
Salem Al-Dawsari,,,,,
Salih Özcan,,,,,
Salis Abdul Samed,,,,,
Salomón Rondón,,,,,
Salvi Sánchez,,,,,
Sam Adekugbe,,,,,
Sam Greenwood,,,,,
Sam Lammers,,,,,
Sam Surridge,,,,,
Saman Ghoddos,,,,,
Samu Castillejo,,,,,
Samú Costa,,,,,
Samuel Chukwueze,,,,,
Samuel Edozie,,,,,
Samuel Gigot,,,,,
Samuel Lino,,,,,
Samuel Moutoussamy,,,,,
Samuel Oum Gouet,,,,,
Samuel Piette,,,,,
Samuel Umtiti,,,,,
Samuele Birindelli,,,,,
Samuele Ricci,,,,,
Sandi Lovric,,,,,
Sandro Tonali,,,,,
Sanjin Prcic,,,,,
Santi Comesaña,,,,,
Santiago Arzamendia,,,,,
Santiago Ascacíbar,,,,,
Santiago Bueno,,,,,
Sardar Azmoun,,,,,
Sargis Adamyan,,,,,
Saud Abdulhamid,,,,,
Saúl Ñíguez,,,,,
Scott McKenna,,,,,
Scott McTominay,,,,,
Sead Kolasinac,,,,,
Seamus Coleman,,,,,
Sean Longstaff,,,,,
Sebastiaan Bornauw,,,,,
Sebastian Polter,,,,,
Sebastian Rode,,,,,
Sebastian Rudy,,,,,
Sebastian Szymanski,,,,,
Sebastian Walukiewicz,,,,,
Sebastiano Luperto,,,,,
Sébastien Corchia,,,,,
Seifeddine Jaziri,,,,,
Seko Fofana,,,,,
Sékou Mara,,,,,
Selim Amallah,,,,,
Sepp van den Berg,,,,,
Serge Aurier,,,,,
Serge Gnabry,,,,,
Sergej Milinković-Savić,,,,,
Sergi Canós,,,,,
Sergi Gómez,,,,,
Sergi Guardiola,,,,,
Sergi Roberto,,,,,
Sergiño Dest,,,,,
Sergio Akieme,,,,,
Sergio Busquets,,,,,
Sergio Camello,,,,,
Sergio Canales,,,,,
Sergio Escudero,,,,,
Sergio Herrera,,,,,
Sergio León,,,,,
Sergio Ramos,,,,,
Sergio Rochet,,,,,
Serhou Guirassy,,,,,
Seung-gyu Kim,,,,,
Seung-ho Paik,,,,,
Shandon Baptiste,,,,,
Shane Duffy,,,,,
Sheraldo Becker,,,,,
Shogo Taniguchi,,,,,
Shon Weissman,,,,,
Silvan Widmer,,,,,
Silvère Ganvoula,,,,,
Simon Kjaer,,,,,
Simon Mignolet,,,,,
Simon Terodde,,,,,
Simon Zoller,,,,,
Simone Bastoni,,,,,
Simone Verdi,,,,,
Sinaly Diomandé,,,,,
Siriki Dembélé,,,,,
Siriné Doucouré,,,,,
Sofiane Boufal,,,,,
Sofiane Diop,,,,,
Sofyan Amrabat,,,,,
Solly March,,,,,
Soualiho Meïté,,,,,
Souleyman Doumbia,,,,,
Srdjan Babic,,,,,
Stanislav Lobotka,,,,,
Stanley Nsoki,,,,,
Stefan Bell,,,,,
Stefan de Vrij,,,,,
Stefan Lainer,,,,,
Stefan Mitrović,,,,,
Stefan Ortega,,,,,
Stefan Posch,,,,,
Stefan Savic,,,,,
Stefano Sensi,,,,,
Steffen Tigges,,,,,
Stephan El Shaarawy,,,,,
Stéphane Diarra,,,,,
Stephane Singo,,,,,
Stephen Eustaquio,,,,,
Stephy Mavididi,,,,,
Stevan Jovetic,,,,,
Steve Cook,,,,,
Steve Mandanda,,,,,
Steven Bergwijn,,,,,
Steven Fortes,,,,,
Stijn Spierings,,,,,
Stole Dimitrievski,,,,,
Stuart Armstrong,,,,,
Suat Serdar,,,,,
Suso,,,,,
Sven Botman,,,,,
Sven Michel,,,,,
Sven Ulreich,,,,,
Szymon Zurkowski,,,,,
Taiwo Awoniyi,,,,,
Tajon Buchanan,,,,,
Takefusa Kubo,,,,,
Takehiro Tomiyasu,,,,,
Takuma Asano,,,,,
Takumi Minamino,,,,,
Tammy Abraham,,,,,
Tanguy Ndombélé,,,,,
Tanguy Nianzou,,,,,
Tarek Salman,,,,,
Tariq Lamptey,,,,,
Taty Castellanos,,,,,
Téji Savanier,,,,,
Terem Moffi,,,,,
Tetê,,,,,
Tete Morente,,,,,
Teun Koopmeiners,,,,,
Théo Bongonda,,,,,
Theo Hernández,,,,,
Théo Le Bris,,,,,
Theo Walcott,,,,,
Thiago,,,,,
Thiago Mendes,,,,,
Thiago Silva,,,,,
Thibaut Courtois,,,,,
Thierno Baldé,,,,,
Thierry Correia,,,,,
Thijs Dallinga,,,,,
Thilo Kehrer,,,,,
Thomas Delaine,,,,,
Thomas Delaney,,,,,
Thomas Henry,,,,,
Thomas Lemar,,,,,
Thomas Mangani,,,,,
Thomas Meunier,,,,,
Thomas Müller,,,,,
Thomas Ouwejan,,,,,
Thomas Partey,,,,,
Thorgan Hazard,,,,,
Thórir Jóhann Helgason,,,,,
Tiago Djaló,,,,,
Tiago Tomás,,,,,
Tim Oermann,,,,,
Tim Ream,,,,,
Tim Skarke,,,,,
Timo Baumgartl,,,,,
Timo Hübers,,,,,
Timo Werner,,,,,
Timothy Castagne,,,,,
Timothy Fosu-Mensah,,,,,
Timothy Weah,,,,,
Tobias Mohr,,,,,
Tobias Sippel,,,,,
Tolgay Arslan,,,,,
Tom Bischof,,,,,
Tom Cairney,,,,,
Tom Davies,,,,,
Tom Krauß,,,,,
Tom Rothe,,,,,
Toma Basic,,,,,
Tomas Koubek,,,,,
Tomás Rincón,,,,,
Tomas Soucek,,,,,
Tommaso Augello,,,,,
Tommaso Baldanzi,,,,,
Tommaso Pobega,,,,,
Toni Kroos,,,,,
Toni Lato,,,,,
Toni Martínez,,,,,
Toni Villa,,,,,
Tonny Vilhena,,,,,
Tony Jantschke,,,,,
Tosin Adarabioyo,,,,,
Toti,,,,,
Trent Alexander-Arnold,,,,,
Trevoh Chalobah,,,,,
Tuta,,,,,
Tymoteusz Puchacz,,,,,
Tyrell Malacia,,,,,
Tyrone Mings,,,,,
Tyronne Ebuehi,,,,,
Ui-jo Hwang,,,,,
Unai García,,,,,
Unai López,,,,,
Unai Núñez,,,,,
Unai Simón,,,,,
Unai Vencedor,,,,,
Uroš Račić,,,,,
Valentin Antov,,,,,
Valentin Gendrey,,,,,
Valentin Rongier,,,,,
Valentino Lazaro,,,,,
Valère Germain,,,,,
Valerio Verre,,,,,
Valery Fernández,,,,,
Vanderson,,,,,
Vanja Milinković-Savić,,,,,
Vasilios Lampropoulos,,,,,
Vedat Muriqi,,,,,
Veljko Birmancevic,,,,,
Vicente Guaita,,,,,
Víctor Chust,,,,,
Victor Lindelöf,,,,,
Victor Osimhen,,,,,
Víctor Ruiz,,,,,
Viktor Kovalenko,,,,,
Vincent Aboubakar,,,,,
Vincent Le Goff,,,,,
Vincent Marchetti,,,,,
Vincenzo Grifo,,,,,
Vinicius Junior,,,,,
Vinicius Souza,,,,,
Virgil van Dijk,,,,,
Vitaliy Mykolenko,,,,,
Vitaly Janelt,,,,,
Vitinha,,,,,
Vladimir Coufal,,,,,
Wahbi Khazri,,,,,
Walace,,,,,
Waldemar Anton,,,,,
Walid Cheddira,,,,,
Waniss Taïbi,,,,,
Warren Bondo,,,,,
Warren Zaïre-Emery,,,,,
Wataru Endo,,,,,
Wayne Hennessey,,,,,
Wendell,,,,,
Wesley Saïd,,,,,
Weston McKennie,,,,,
Wilfried Gnonto,,,,,
Wilfried Kanga,,,,,
Wilfried Zaha,,,,,
Will Hughes,,,,,
Willi Orbán,,,,,
William Carvalho,,,,,
William Pacho,,,,,
William Saliba,,,,,
Willian,,,,,
Willian José,,,,,
Wilson Odobert,,,,,
Wissam Ben Yedder,,,,,
Wladimiro Falcone,,,,,
Wojciech Szczesny,,,,,
Woo-yeong Jeong,,,,,
Wout Faes,,,,,
Xaver Schlager,,,,,
Xavier Chavalerin,,,,,
Xeka,,,,,
Xherdan Shaqiri,,,,,
Yacine Adli,,,,,
Yahia Fofana,,,,,
Yan Couto,,,,,
Yan Valery,,,,,
Yangel Herrera,,,,,
Yanis Begraoui,,,,,
Yanis Cimignani,,,,,
Yanis Massolin,,,,,
Yann Karamoh,,,,,
Yann Sommer,,,,,
Yannick Carrasco,,,,,
Yannick Gerhardt,,,,,
Yannik Keitel,,,,,
Yasser Al-Shahrani,,,,,
Yasser Larouci,,,,,
Yassine Bounou,,,,,
Yayah Kallon,,,,,
Yehvann Diouf,,,,,
Yeltsin Tejeda,,,,,
Yeray Álvarez,,,,,
Yéremy Pino,,,,,
Yoane Wissa,,,,,
Yoann Cathline,,,,,
Yoann Salmier,,,,,
Yoann Touzghar,,,,,
Yohann Magnin,,,,,
Young-gwon Kim,,,,,
Youri Tielemans,,,,,
Youssef En-Nesyri,,,,,
Youssef Maleh,,,,,
Youssouf Fofana,,,,,
Youssouf Koné,,,,,
Youssouf M'Changama,,,,,
Youssouf Sabaly,,,,,
Youssoufa Moukoko,,,,,
Yunis Abdelhamid,,,,,
Yunus Musah,,,,,
Yuri Berchiche,,,,,
Yussuf Poulsen,,,,,
Yuto Nagatomo,,,,,
Yvandro Borges Sanches,,,,,
Yves Bissouma,,,,,
Yvon Mvogo,,,,,
Zaidu,,,,,
Zakaria Aboukhlal,,,,,
Zanka,,,,,
Zeki Celik,,,,,
Zinedine Zidane,,,,,
Zouhair Feddal,,,,,